{
  "Homepage" : {
    "transaction" : "Homepage",
    "sampleCount" : 1500,
    "errorCount" : 1234,
    "errorPct" : 82.26667,
    "meanResTime" : 31071.87599999998,
    "medianResTime" : 21075.0,
    "minResTime" : 2884.0,
    "maxResTime" : 111662.0,
    "pct1ResTime" : 99099.0,
    "pct2ResTime" : 111122.0,
    "pct3ResTime" : 111613.0,
    "throughput" : 13.412736734803369,
    "receivedKBytesPerSec" : 210.41277906875368,
    "sentKBytesPerSec" : 0.6132135575942915
  },
  "Careers-1" : {
    "transaction" : "Careers-1",
    "sampleCount" : 439,
    "errorCount" : 0,
    "errorPct" : 0.0,
    "meanResTime" : 11628.93621867882,
    "medianResTime" : 12266.0,
    "minResTime" : 227.0,
    "maxResTime" : 23803.0,
    "pct1ResTime" : 16719.0,
    "pct2ResTime" : 17794.0,
    "pct3ResTime" : 20721.2,
    "throughput" : 3.597593955386557,
    "receivedKBytesPerSec" : 266.75226520628803,
    "sentKBytesPerSec" : 0.6710355912879222
  },
  "Total" : {
    "transaction" : "Total",
    "sampleCount" : 7562,
    "errorCount" : 2969,
    "errorPct" : 39.2621,
    "meanResTime" : 21038.72216344885,
    "medianResTime" : 21029.0,
    "minResTime" : 9.0,
    "maxResTime" : 112015.0,
    "pct1ResTime" : 34398.7,
    "pct2ResTime" : 54808.0,
    "pct3ResTime" : 111125.0,
    "throughput" : 51.94394834455282,
    "receivedKBytesPerSec" : 1601.1094764261916,
    "sentKBytesPerSec" : 7.60253705007556
  },
  "Careers-0" : {
    "transaction" : "Careers-0",
    "sampleCount" : 439,
    "errorCount" : 0,
    "errorPct" : 0.0,
    "meanResTime" : 12275.198177676531,
    "medianResTime" : 12304.0,
    "minResTime" : 9.0,
    "maxResTime" : 65478.0,
    "pct1ResTime" : 24805.0,
    "pct2ResTime" : 44547.0,
    "pct3ResTime" : 57990.600000000035,
    "throughput" : 3.9335155234980506,
    "receivedKBytesPerSec" : 2.957635536602303,
    "sentKBytesPerSec" : 0.7336928369024684
  },
  "Careers" : {
    "transaction" : "Careers",
    "sampleCount" : 1500,
    "errorCount" : 1061,
    "errorPct" : 70.73333,
    "meanResTime" : 29598.366000000013,
    "medianResTime" : 21058.0,
    "minResTime" : 257.0,
    "maxResTime" : 112015.0,
    "pct1ResTime" : 62093.9,
    "pct2ResTime" : 64425.0,
    "pct3ResTime" : 100001.0,
    "throughput" : 11.477278813708462,
    "receivedKBytesPerSec" : 273.09675334084454,
    "sentKBytesPerSec" : 1.2530707698576051
  },
  "About us-1" : {
    "transaction" : "About us-1",
    "sampleCount" : 826,
    "errorCount" : 0,
    "errorPct" : 0.0,
    "meanResTime" : 11737.391041162231,
    "medianResTime" : 12764.5,
    "minResTime" : 14.0,
    "maxResTime" : 24436.0,
    "pct1ResTime" : 19150.9,
    "pct2ResTime" : 20398.949999999997,
    "pct3ResTime" : 22165.800000000003,
    "throughput" : 6.317931145258875,
    "receivedKBytesPerSec" : 450.2965175368482,
    "sentKBytesPerSec" : 1.227801072174332
  },
  "About us-0" : {
    "transaction" : "About us-0",
    "sampleCount" : 826,
    "errorCount" : 0,
    "errorPct" : 0.0,
    "meanResTime" : 8924.01452784503,
    "medianResTime" : 9096.0,
    "minResTime" : 9.0,
    "maxResTime" : 47891.0,
    "pct1ResTime" : 15867.1,
    "pct2ResTime" : 19860.449999999997,
    "pct3ResTime" : 25534.390000000007,
    "throughput" : 6.334404404941756,
    "receivedKBytesPerSec" : 4.886579483930092,
    "sentKBytesPerSec" : 1.2310024185384858
  },
  "Homepage-1" : {
    "transaction" : "Homepage-1",
    "sampleCount" : 266,
    "errorCount" : 0,
    "errorPct" : 0.0,
    "meanResTime" : 10977.308270676698,
    "medianResTime" : 11606.5,
    "minResTime" : 2441.0,
    "maxResTime" : 18644.0,
    "pct1ResTime" : 15305.0,
    "pct2ResTime" : 16213.749999999998,
    "pct3ResTime" : 17655.90999999999,
    "throughput" : 3.2580471314487287,
    "receivedKBytesPerSec" : 245.53712229312623,
    "sentKBytesPerSec" : 0.41998263803831265
  },
  "Homepage-0" : {
    "transaction" : "Homepage-0",
    "sampleCount" : 266,
    "errorCount" : 0,
    "errorPct" : 0.0,
    "meanResTime" : 17029.477443609023,
    "medianResTime" : 15693.5,
    "minResTime" : 169.0,
    "maxResTime" : 61887.0,
    "pct1ResTime" : 32155.400000000005,
    "pct2ResTime" : 34955.55,
    "pct3ResTime" : 54708.079999999834,
    "throughput" : 4.190956357334174,
    "receivedKBytesPerSec" : 2.6193477233338585,
    "sentKBytesPerSec" : 0.5402404679376084
  },
  "About us" : {
    "transaction" : "About us",
    "sampleCount" : 1500,
    "errorCount" : 674,
    "errorPct" : 44.933334,
    "meanResTime" : 22052.941999999985,
    "medianResTime" : 21059.5,
    "minResTime" : 25.0,
    "maxResTime" : 92364.0,
    "pct1ResTime" : 31724.600000000013,
    "pct2ResTime" : 34539.0,
    "pct3ResTime" : 45167.0,
    "throughput" : 10.557952601831454,
    "receivedKBytesPerSec" : 431.2161898064727,
    "sentKBytesPerSec" : 2.259704298142504
  }
}